id,name,region,island,category,longitude,latitude,image,gallery,ambience,youtubeId,summary_en,summary_id,description_en,description_id,history_en,history_id,culture_en,culture_id,activities_en,activities_id,culinary_en,culinary_id,tips_en,tips_id,bestSeason_en,bestSeason_id
baiturrahman,Baiturrahman Grand Mosque,Aceh,Sumatra,heritage,95.3193,5.5536,https://upload.wikimedia.org/wikipedia/commons/4/47/Meuseujid_Raya_Baiturrahman_.jpg,https://upload.wikimedia.org/wikipedia/commons/4/47/Meuseujid_Raya_Baiturrahman_.jpg,culture,u9tDJqgZosI,"Mosque in Banda Aceh, Aceh, Indonesia",masjid Indonesia,"Baiturrahman Grand Mosque 
is a mosque located in Banda Aceh, Aceh, Indonesia. The Baiturrahman Grand Mosque is a symbol of religion, culture, spirit, strength, struggle, and nationalism of the Acehnese people. The mosque is a landmark in Banda Aceh and has survived the 2004 Indian Ocean earthquake and tsunami.","Masjid Raya Baiturrahman Banda Aceh atau yang lebih dikenal dengan Masjid Raya Baiturrahman atau Masjid Kesultanan Aceh adalah sebuah masjid bersejarah yang berada di Kota Banda Aceh, Provinsi Aceh, Indonesia. Masjid ini dibangun pada tahun 1879 dan merupakan simbol agama, budaya, semangat, kekuatan, perjuangan dan nasionalisme rakyat Aceh. Kemudian masjid ini adalah landmark Kota Banda Aceh sejak era Kesultanan Aceh dan Aceh saat ini. Masjid ini juga dikenal karena menjadi salah satu bangunan yang selamat dari gempa bumi dan tsunami tahun 2004.",Rebuilt by the Dutch in 1879 after being destroyed during the Aceh War.,Dibangun kembali oleh Belanda pada tahun 1879 setelah hancur selama Perang Aceh.,Reflects the deep Islamic heritage and resilience of the Acehnese people.,Mencerminkan warisan Islam yang mendalam dan ketangguhan masyarakat Aceh.,Admire Islamic architecture;Learn history,Kagumi arsitektur Islam;Pelajari sejarah,Timphan cake;Aceh noodles,Kue Timphan;Mie Aceh,Dress modestly with full headcover for women.,Berpakaianlah dengan sopan dengan penutup kepala bagi wanita.,Dry Season (May – October),Musim Kemarau (Mei – Oktober)
tobalake,Lake Toba,North Sumatra,Sumatra,ecotourism,98.8538,2.6845,https://upload.wikimedia.org/wikipedia/commons/c/c4/Lake_Toba_and_the_surrounding_hills.jpg,https://upload.wikimedia.org/wikipedia/commons/c/c4/Lake_Toba_and_the_surrounding_hills.jpg,forest,WW5CGjvrQN0,"Volcanic lake located in North Sumatra Province, Indonesia","danau vulkanik di Sumatera Utara, Indonesia","Lake Toba is a large natural lake in North Sumatra and Indonesia. The lake is the massive caldera of the Toba supervolcano. The lake is located in the middle of the northern part of the island of Sumatra, with a surface elevation of about 900 metres (2,953 ft), the lake stretches from 2.88°N 98.52°E to 2.35°N 99.1°E. The lake is about 100 kilometres long, 30 kilometres (19 mi) wide, and up to 505 metres (1,657 ft) deep. It is the largest lake in Indonesia and the largest volcanic lake in the world. Toba Caldera is one of twenty geoparks in Indonesia, and was recognised in July 2020 as one of the UNESCO Global Geoparks.","Danau Toba adalah danau alami terbesar di Sumatera Utara, Indonesia yang terletak di kaldera gunung supervulkan. Danau ini memiliki panjang 100 kilometer, lebar 30 kilometer (19 mi), dan kedalaman 508 meter (1.667 ft). Danau ini terletak di tengah pulau Sumatra bagian utara dengan ketinggian permukaan sekitar 900 meter (2.953 ft). Danau ini membentang dari 2.88°N 98.52°E sampai 2.35°N 99.1°E. Danau Toba merupakan danau terbesar di Indonesia sekaligus danau vulkanik terbesar di dunia.",The Toba catastrophe nearly drove early humans to extinction; today the caldera is a UNESCO Global Geopark.,Bencana Toba hampir membuat manusia purba punah; kini kaldera menjadi UNESCO Global Geopark.,Batak music dance and traditional Rumah Bolon houses with sweeping saddle roofs.,Musik dan tari Batak serta rumah tradisional Bolon dengan atap pelana melengkung.,Cycle Samosir;Tomok royal tombs,Bersepeda di Samosir;Makam raja Tomok,Arsik fish;Batak grill,Ikan arsik;Panggang Batak,Take the ferry from Parapat.,Naik feri dari Parapat.,May – September,Mei – September
harau,Harau Valley,West Sumatra,Sumatra,ecotourism,100.6723,-0.0984,https://upload.wikimedia.org/wikipedia/commons/f/fe/Lembah_harau_50_kota.jpg,https://upload.wikimedia.org/wikipedia/commons/f/fe/Lembah_harau_50_kota.jpg,forest,Mt6u-opvj8s,Spectacular canyon bordered by steep granite cliffs.,lembah di Indonesia,A lush green valley flanked by towering vertical granite cliffs and dramatic waterfalls.,"Lembah Harau adalah sebuah ngarai dekat Kota Payakumbuh di Kabupaten Lima Puluh Kota, provinsi Sumatera Barat. Lembah Harau diapit dua bukit cadas terjal dengan ketinggian mencapai 150 meter berupa batu pasir yang terjal berwarna-warni, dengan ketinggian 100 sampai 500 meter. Topografi Cagar Alam Harau adalah berbukit-bukit dan bergelombang. Tinggi dari permukaan laut adalah 500 sampai 850 meter, bukit tersebut antara lain adalah Bukit Air Putih, Bukit Jambu, Bukit Singkarak, dan Bukit Tarantang. Berjalan menuju Lembah Harau amat menyenangkan. Dengan udara yang masih segar, anda bisa melihat keindahan alam sekitarnya. Tebing-tebing granit yang menjulang tinggi dengan bentuknya yang unik mengelilingi lembah. Tebing-tebing granit yang terjal ini mempunyai ketinggian 80 meter hingga 300 meter.",Inhabited for generations by the Minangkabau people it became a nature reserve in 1993.,Dihuni selama beberapa generasi oleh suku Minangkabau diresmikan sebagai cagar alam tahun 1993.,Minangkabau traditions traditional agriculture and cultural architecture with Horned roofs.,Tradisi Minangkabau pertanian tradisional dan arsitektur budaya dengan atap Bagonjong.,Cliff photography;Waterfall trekking,Fotografi tebing;Trekking air terjun,Rendang;Sate Padang,Rendang;Sate Padang,Hire a local guide to find the hidden waterfalls.,Sewa pemandu lokal untuk menemukan air terjun tersembunyi.,June – September,Juni – September
siak,Siak Palace,Riau,Sumatra,heritage,102.0494,0.7984,https://upload.wikimedia.org/wikipedia/commons/8/89/Istana_Kerajaan_Siak_(2).jpg,https://upload.wikimedia.org/wikipedia/commons/8/89/Istana_Kerajaan_Siak_(2).jpg,culture,xMj6gva87hM,"Palace in Riau, Indonesia",Istana di Indonesia,"Siak Sri Indrapura Palace or Siak Palace is an istana of the Sultanate of Siak Sri Indrapura that is located in Siak Regency, Riau Province, on the island of Sumatra, Indonesia. The palace is now transformed into a museum.","Istana Siak Sri Indrapura atau Istana Asserayah Hasyimiah atau Istana Matahari Timur merupakan kediaman resmi Sultan Siak yang mulai dibangun pada tahun 1889, yaitu pada masa pemerintahan Sultan Syarif Hasyim. Istana ini merupakan peninggalan Kesultanan Siak Sri Indrapura yang selesai dibangun pada tahun 1893. Kini istana ini masuk wilayah administrasi pemerintahan Kabupaten Siak.",Built in 1889 by Sultan Syarif Hasyim blending Malay Arabic and European architecture.,Dibangun pada 1889 oleh Sultan Syarif Hasyim memadukan arsitektur Melayu Arab dan Eropa.,Malay customs and royal Islamic heritage of Sumatra.,Adat istiadat Melayu dan warisan sejarah Islam kerajaan Sumatra.,Explore royal rooms;View Komet music instrument,Jelajahi ruang kerajaan;Lihat alat musik Komet,Roti Jala;Pondok Patin fish,Roti Jala;Ikan Patin Pondok,Take a scenic river boat trip from Pekanbaru.,Lakukan perjalanan perahu sungai yang indah dari Pekanbaru.,Dry Season (May – October),Musim Kemarau (Mei – Oktober)
penyengat,Penyengat Island,Riau Islands,Sumatra,heritage,104.4172,0.9284,https://upload.wikimedia.org/wikipedia/commons/7/7c/Pulau_Penyengat.jpg,https://upload.wikimedia.org/wikipedia/commons/7/7c/Pulau_Penyengat.jpg,beach,MamwPngKku0,"Island in Riau Islands, Indonesia","pulau di Kota Tanjung Pinang, Kepulauan Riau","Penyengat Island is an island close to Tanjung Pinang, capital of the Riau Islands, Indonesia.","Pulau Penyengat atau Pulau Penyengat Inderasakti adalah sebuah pulau di Kota Tanjungpinang, Kepulauan Riau, yang berjarak kurang lebih 2 km dari pusat kota. Pulau ini berukuran panjang 2.000 m dan lebar 850 m, berjarak lebih kurang 35 km dari Pulau Batam. Pulau ini dapat ditempuh dari pusat Kota Tanjungpinang dengan menggunakan perahu bermotor atau lebih dikenal pompong yang memerlukan waktu tempuh kurang lebih 15 menit.",Crucial fortress during the Dutch-Malay wars of the 18th and 19th centuries.,Benteng penting selama perang Belanda-Melayu pada abad ke-18 dan ke-19.,Birthplace of Raja Ali Haji a pioneer who wrote the Gurindam Dua Belas.,Tempat lahir Raja Ali Haji pelopor yang menulis Gurindam Dua Belas.,Visit historic ruins;Rent a becak tour,Kunjungi reruntuhan bersejarah;Sewa becak untuk tur,Otak-Otak;Gonggong sea snail,Otak-Otak;Siput laut Gonggong,Respect the sacred grounds and dress appropriately near the royal tombs.,Hormati tanah suci dan berpakaianlah dengan sopan di dekat makam kerajaan.,March – October,Maret – Oktober
muarojambi,Muaro Jambi Temple,Jambi,Sumatra,heritage,103.7194,-1.4832,https://upload.wikimedia.org/wikipedia/commons/f/f8/Candi_Gumpung_Muaro_Jambi.jpg,https://upload.wikimedia.org/wikipedia/commons/f/f8/Candi_Gumpung_Muaro_Jambi.jpg,culture,l6XCSk_l6Pg,Vast ancient Buddhist temple complex built in red brick.,Kompleks candi Budha kuno yang luas dibangun dari batu bata merah.,One of the largest archaeological temple sites in Southeast Asia dating back to the Melayu Kingdom.,Salah satu situs candi arkeologi terbesar di Asia Tenggara berasal dari Kerajaan Melayu.,Dating from the 7th to 12th centuries serving as a center of Buddhist learning.,Berasal dari abad ke-7 hingga ke-12 berfungsi sebagai pusat pembelajaran agama Buddha.,Reflects the ancient Hindu-Buddhist civilization along the Batanghari river.,Mencerminkan peradaban Hindu-Buddha kuno di sepanjang sungai Batanghari.,Rent a bicycle;Explore temple ruins,Sewa sepeda;Jelajahi reruntuhan candi,Tempoyak Jambi;Nasi Gemuk,Tempoyak Jambi;Nasi Gemuk,Rent a bicycle at the entrance to explore the sprawling park easily.,Sewa sepeda di pintu masuk untuk menjelajahi taman yang luas dengan mudah.,Dry Season (June – September),Musim Kemarau (Juni – September)
ampera,Ampera Bridge,South Sumatra,Sumatra,heritage,104.7621,-2.9912,https://upload.wikimedia.org/wikipedia/commons/7/76/Ampera_Bridge_at_Night%2C_Palembang.jpg,https://upload.wikimedia.org/wikipedia/commons/7/76/Ampera_Bridge_at_Night%2C_Palembang.jpg,culture,P32epa1FvKQ,"Vertical-lift bridge in Palembang, Indonesia",jembatan di Indonesia,"Ampera Bridge, formerly Bung Karno Bridge between its opening and the 1966 De-Sukarnoization campaign, is a vertical-lift bridge in the city of Palembang, South Sumatra, Indonesia. It connects Seberang Ulu and Seberang Ilir, two regions of Palembang. It can no longer be opened to allow ships to pass.","Jembatan Ampera  adalah sebuah jembatan di Kota Palembang, Sumatera Selatan, Indonesia. Jembatan Ampera, yang telah menjadi semacam lambang kota, terletak di tengah-tengah Kota Palembang, menghubungkan daerah Seberang Ulu dan Seberang Ilir yang dipisahkan oleh Sungai Musi. Jembatan Ampera merupakan salah satu ikon Kota Palembang yang paling terkenal.",Opened in 1965 built using Japanese war reparations and initially named after President Sukarno.,Dibuka pada 1965 dibangun menggunakan dana rampasan perang Jepang dan awalnya dinamai Bung Karno.,Symbolizes the modernization of Palembang and the pride of South Sumatra.,Melambangkan modernisasi Palembang dan kebanggaan Sumatera Selatan.,View night lights;Musi river boat tour,Lihat lampu malam;Tur perahu sungai Musi,Pempek Palembang;Tekwan,Pempek Palembang;Tekwan,Visit around sunset to see the bridge glow beautifully with color lights.,Kunjungi sekitar matahari terbenam untuk melihat jembatan bersinar indah dengan lampu warna.,Dry Season (May – September),Musim Kemarau (Mei – September)
belitung,Tanjung Tinggi Beach,Bangka Belitung,Sumatra,beach,107.9123,-2.8832,https://upload.wikimedia.org/wikipedia/commons/c/cc/Belitung_Topography.png,https://upload.wikimedia.org/wikipedia/commons/c/cc/Belitung_Topography.png,beach,taohczN_UAk,Island in Indonesia,pulau di Indonesia,"Belitung is an island on the east coast of Sumatra, Indonesia in the Java Sea. It covers 4,859 km2 (1,876.1 sq mi), and had a population of 309,097 at the 2020 Census; the official estimate as at mid 2023 was 320,500. Administratively, it forms two regencies within the province of Bangka-Belitung Islands. The island is known for its pepper and for its tin. It was in the possession of the United Kingdom from 1812 until Britain ceded control of the island to the Netherlands in the Anglo-Dutch Treaty of 1824. Its main town is Tanjung Pandan. The United Nations Educational, Scientific and Cultural Organization has declared 17 tourist attractions in the Belitung Geopark as a world geopark.","Pulau Belitung, atau Belitong, dulunya dikenal sebagai Billiton adalah sebuah pulau di lepas pantai timur Sumatra, Indonesia, diapit oleh Selat Gaspar dan Selat Karimata. Pulau ini terkenal dengan lada putih (Piper sp.) yang dalam bahasa setempat disebut sahang, dan bahan tambang tipe galian-C seperti timah putih (Stannuum), pasir kuarsa, tanah liat putih (kaolin), dan granit. Serta akhir-akhir ini menjadi tujuan wisata alam alternatif. Pulau ini dahulu dimiliki Britania Raya (1812), sebelum akhirnya ditukar kepada Belanda, bersama-sama Bengkulu, dengan Singapura dan New Amsterdam. Kota utamanya adalah Tanjung Pandan.",Gained national fame as the primary filming location of the movie Laskar Pelangi.,Meraih ketenaran nasional sebagai lokasi syuting utama film Laskar Pelangi.,Reflects the local coastal Malay fisherman culture and geopark identity.,Mencerminkan budaya nelayan Melayu pesisir lokal dan identitas geopark.,Snorkeling;Island hopping;granite climbing,Snorkeling;Jelajah pulau;memanjat granit,Belitung noodles;Gangan fish soup,Mie Belitung;Sup ikan Gangan,Wear water shoes as the granite stones can be slippery.,Kenakan sepatu air karena batu granit bisa menjadi licin.,April – October,April – Oktober
marlborough,Fort Marlborough,Bengkulu,Sumatra,heritage,102.2514,-3.7878,https://upload.wikimedia.org/wikipedia/commons/5/59/Front_gate_of_Fort_Marlborough%2C_Bengkulu_2015-04-19_02.jpg,https://upload.wikimedia.org/wikipedia/commons/5/59/Front_gate_of_Fort_Marlborough%2C_Bengkulu_2015-04-19_02.jpg,culture,4H14MyCu6Fs,"Fort in Bengkulu, Indonesia",bangunan kuil di Indonesia,"Fort Marlborough is a former East India Company fort located in Bengkulu City, Sumatra. It was built between 1713 and 1719 by the East India Company under the leadership of Governor Joseph Collett as a defensive fort for the British East India Company's Residency there. It was one of the strongest British forts in the eastern region, second only to Fort St. George in Madras, India.","Benteng Marlborough, juga dikenal sebagai Malabero, adalah bekas benteng Perusahaan Hindia Timur yang terletak di Kota Bengkulu, Sumatra. Dibangun antara tahun 1713 dan 1719 oleh Perusahaan Hindia Timur di bawah kepemimpinan Gubernur Joseph Collett sebagai benteng pertahanan Keresidenan Perusahaan Hindia Timur di sana. Itu adalah salah satu benteng Inggris terkuat di wilayah timur, kedua setelah Benteng St. George di Madras, India.",Built by the British East India Company in 1714 under Governor Joseph Collett.,Dibangun oleh Kongsi Dagang Hindia Timur Inggris tahun 1714 di bawah Gubernur Joseph Collett.,Showcases British colonial history and the local struggle for independence.,Menampilkan sejarah kolonial Inggris dan perjuangan lokal untuk kemerdekaan.,Explore historic jail cells;Sunset photography,Jelajahi sel penjara bersejarah;Fotografi matahari terbenam,Pendap Bengkulu;Lema,Pendap Bengkulu;Lema,Read the historic English tombstones inside the fort yard for historical context.,Baca batu nisan Inggris bersejarah di halaman benteng untuk konteks sejarah.,June – September,Juni – September
waykambas,Way Kambas National Park,Lampung,Sumatra,park,105.7892,-4.9231,https://upload.wikimedia.org/wikipedia/commons/c/cd/Sumatran_Rhinoceros_Way_Kambas_2008.jpg,https://upload.wikimedia.org/wikipedia/commons/c/cd/Sumatran_Rhinoceros_Way_Kambas_2008.jpg,forest,FRYIG949mGE,"National park in Sumatra, Indonesia",taman nasional di Indonesia,"Way Kambas National Park is a national park covering 1,300 km2 (500 sq mi) in Lampung province of southern Sumatra, Indonesia. It consists of swamp forest and lowland rain forest, mostly of secondary growth as result of extensive logging in the 1960s and 1970s. Despite decreasing populations, the park still has a few critically endangered Sumatran tigers, Sumatran elephants and Sumatran rhinoceroses. It also hosts over 400 bird species.","Taman Nasional Way Kambas (TNWK) adalah taman nasional perlindungan gajah yang terletak di daerah Lampung tepatnya di Kecamatan Labuhan Ratu, Lampung Timur, Indonesia. Selain di Way Kambas, sekolah gajah (Pusat Latihan Gajah) juga bisa ditemui di Minas, Riau. Gajah Sumatra (Elephas maximus sumatranus) yang hidup di kawasan ini semakin berkurang jumlahnya.",Established in 1985 to protect the endangered Sumatran elephants and rhinos.,Didirikan tahun 1985 untuk melindungi gajah dan badak Sumatera yang terancam punah.,The park integrates wildlife conservation with education for local communities.,Taman ini mengintegrasikan konservasi satwa liar dengan pendidikan bagi masyarakat lokal.,Elephant center tour;Bird watching,Tur pusat gajah;Mengamati burung,Seruit fish;Serabi Lampung,Ikan Seruit;Serabi Lampung,Hire an official park ranger for wildlife safety.,Sewa ranger taman resmi demi keselamatan satwa liar.,June – October,Juni – Oktober
monas,Monas,DKI Jakarta,Java,heritage,106.8272,-6.1754,https://upload.wikimedia.org/wikipedia/en/a/a2/Jakarta_Indonesia_National-Monument-02.jpg,https://upload.wikimedia.org/wikipedia/en/a/a2/Jakarta_Indonesia_National-Monument-02.jpg,culture,RcLM1aJ8lIs,"National monument and architectural icon of Jakarta, Indonesia",monumen di Indonesia,"The National Monument is a 132 m (433 ft) obelisk in the centre of Merdeka Square, Central Jakarta. It is the national monument of the Republic of Indonesia, built to commemorate the struggle for Indonesian independence. This monument is crowned with a flame covered in gold leaf which symbolizes the burning spirit of struggle of the Indonesian people.","Monumen Nasional yang disingkat dengan Monas atau Tugu Monas adalah monumen peringatan setinggi 132 meter, terletak tepat di tengah Lapangan Medan Merdeka, Jakarta Pusat. Monas didirikan untuk mengenang perlawanan dan perjuangan rakyat Indonesia dalam merebut kemerdekaan dari pemerintahan kolonial Kerajaan Belanda. Pembangunan dimulai pada 17 Agustus 1961 di bawah perintah Presiden Soekarno dan diresmikan hingga dibuka untuk umum pada 12 Juli 1975 oleh Presiden Soeharto. Tugu ini dimahkotai lidah api yang dilapisi lembaran emas yang melambangkan semangat perjuangan dari rakyat Indonesia.",Commissioned by President Sukarno built in 1961 and opened to the public in 1975.,Diprakarsai oleh Presiden Soekarno dibangun tahun 1961 dan dibuka untuk umum tahun 1975.,Symbolizes the struggle for freedom and unity of Indonesia.,Melambangkan perjuangan untuk kebebasan dan persatuan Indonesia.,Visit National History Museum;Climb observation deck,Kunjungi Museum Sejarah Nasional;Naik ke dek observasi,Kerak Telor;Ketoprak,Kerak Telor;Ketoprak,Go early in the morning to avoid long lines at the observation deck lift.,Pergilah pagi-pagi sekali untuk menghindari antrean panjang lift dek observasi.,May – September,Mei – September
kawahputih,Kawah Putih,West Java,Java,volcano,107.4021,-7.1662,https://upload.wikimedia.org/wikipedia/commons/3/35/Kawah_Putih_Lake_from_the_viewing_platform%2C_Bandung_Regency%2C_2014-08-21.jpg,https://upload.wikimedia.org/wikipedia/commons/3/35/Kawah_Putih_Lake_from_the_viewing_platform%2C_Bandung_Regency%2C_2014-08-21.jpg,mountain,Gad8RfBucac,Crater lake in Indonesia,"kawah vulkanik di Ciwidey, Jawa Barat, Indonesia","Kawah Putih is a crater lake and tourist spot in a volcanic crater about 50 kilometres (31 mi) south of Bandung, West Java, Indonesia.","Kawah Putih adalah sebuah tempat wisata di Jawa Barat yang terletak di Desa Alam Endah, Kecamatan Rancabali, Kabupaten Bandung, Jawa Barat yang terletak di kaki Gunung Patuha. Kawah putih merupakan sebuah danau yang terbentuk dari letusan Gunung Patuha. Tanah yang bercampur belerang di sekitar kawah ini berwarna putih, lalu warna air yang berada di kawah ini berwarna putih kehijauan, yang unik dari kawah ini adalah airnya kadang berubah warna. Danau Kawah Putih sendiri berada pada ketinggian 2194 m tapi luas total Danau Kawah Putih 25 ha yang dipakai wisata 5 ha dan lokasi kawah sendiri 3 ha.",First documented by German botanist Dr. Franz Wilhelm Junghuhn in 1837.,Pertama kali didokumentasikan oleh botanis Jerman Dr. Franz Wilhelm Junghuhn tahun 1837.,The surrounding hills have tea plantations and beautiful mountain views.,Perbukitan sekitar memiliki perkebunan teh dan pemandangan gunung yang indah.,Walk the floating bridge;Take crater photos,Berjalan di jembatan apung;Ambil foto kawah,Bandrek;Nasi Timbel,Bandrek;Nasi Timbel,Bring a mask as the sulfur fumes can be strong at times.,Bawa masker karena bau belerang bisa sangat menyengat sewaktu-waktu.,June – September,Juni – September
tanjunglesung,Tanjung Lesung,Banten,Java,beach,105.6562,-6.4742,https://upload.wikimedia.org/wikipedia/commons/d/d6/Tanjung_Lesung_in_the_Morning.jpg,https://upload.wikimedia.org/wikipedia/commons/d/d6/Tanjung_Lesung_in_the_Morning.jpg,beach,0mFH5j1JBb8,"Beach in Java, Indonesia",Semenanjung pasir putih murni menghadap Selat Sunda.,"Tanjung Lesung is a beach in Pandeglang Regency, Banten, western tip of Java. It is 160 kilometres (99 mi) from the capital city of Indonesia, Jakarta, and can be reached by car or public bus in about a 3-4-hour drive. It is known as a beach resort with sea views, having a 15-kilometre (9.3 mi) white sand coastline and also marine life where visitors can enjoy snorkeling, diving as well as fishing. The area has been declared as a ""cultural heritage"" since the location is near Ujung Kulon National Park, Mount Krakatau and Umang Island.",Kawasan resor pesisir mewah yang menawarkan air jernih terumbu karang dan olahraga air.,Designated as a Special Economic Zone for tourism to develop Banten coast.,Ditetapkan sebagai Kawasan Ekonomi Khusus pariwisata untuk memajukan pesisir Banten.,Reflects the local Sundanese coastal culture and fishing activities.,Mencerminkan budaya pesisir Sunda lokal dan kegiatan penangkapan ikan.,Jet skiing;Snorkeling;Beach cycling,Jet ski;Snorkeling;Bersepeda di pantai,Rabeg Banten;Sate Bandeng,Rabeg Banten;Sate Bandeng,Great weekend getaway from Jakarta; book hotels ahead during public holidays.,Liburan akhir pekan yang menyenangkan dari Jakarta; pesan hotel terlebih dahulu selama hari libur nasional.,April – October,April – Oktober
borobudur,Borobudur,Central Java,Java,heritage,110.2038,-7.6079,https://upload.wikimedia.org/wikipedia/commons/2/25/Pradaksina.jpg,https://upload.wikimedia.org/wikipedia/commons/2/25/Pradaksina.jpg,culture,txujqGtB_6g,"9th-century Buddhist temple in Java, Indonesia",Bangunan kuil di Jawa Tengah Indonesia,"Borobudur, also transcribed Barabudur, is a 9th-century Mahayana Buddhist temple in Magelang Regency, near the town of Muntilan, northwest of the city of Yogyakarta, in Central Java, Indonesia.","Candi Borobudur adalah sebuah candi Buddha yang terletak di Borobudur, Magelang, Jawa Tengah, Indonesia. Candi ini terletak kurang lebih 100 km di sebelah barat daya Semarang, 86 km di sebelah barat Surakarta, dan 40 km di sebelah barat laut Yogyakarta. Candi dengan banyak stupa ini didirikan oleh para penganut agama Buddha Mahayana sekitar tahun 800-an Masehi pada masa pemerintahan wangsa Syailendra, dan diperkirakan baru rampung sekitar tahun 825 M. Borobudur adalah candi atau kuil Buddha terbesar di dunia, sekaligus salah satu monumen Buddha terbesar di dunia.",Constructed by the Sailendra dynasty abandoned for centuries then rediscovered in 1814.,Dibangun oleh dinasti Sailendra ditinggalkan selama berabad-abad kemudian ditemukan kembali pada 1814.,Site of Waisak celebrations where thousands of monks gather to honor Buddha's birth.,Lokasi perayaan Waisak di mana ribuan biksu berkumpul untuk menghormati kelahiran Buddha.,Sunrise temple tour;Relief storytelling walk,Tur candi matahari terbit;Jelajah cerita relief,Gudeg Jogja;Bakpia Pathok,Gudeg Jogja;Bakpia Pathok,Book sunrise tickets in advance; modest dress required.,Pesan tiket matahari terbit jauh hari; wajib berpakaian sopan.,May – September,Mei – September
yogyakarta,Yogyakarta Palace & Malioboro,DI Yogyakarta,Java,culture,110.3695,-7.7956,https://upload.wikimedia.org/wikipedia/commons/6/69/Jogja_-_Kraton_Yogyakarta_-_Donopratono_gate_(2025)_-_img_02.jpg,https://upload.wikimedia.org/wikipedia/commons/6/69/Jogja_-_Kraton_Yogyakarta_-_Donopratono_gate_(2025)_-_img_02.jpg,culture,z4p8Oih8xZs,"Royal palace complex in Yogyakarta, Indonesia",bangunan istana di Indonesia,"The Royal Palace of Yogyakarta is a palace complex in the city of Yogyakarta, Yogyakarta Special Region, Indonesia. It is the seat of the reigning Sultan of Yogyakarta and his family. The complex is a center of Javanese culture and contains a museum displaying royal artifacts. It is guarded by the Yogyakarta Kraton Guards.","Keraton Ngayogyakarta Hadiningrat atau Kraton Jogja ) merupakan istana resmi Kesultanan Ngayogyakarta Hadiningrat yang kini berlokasi di Kota Yogyakarta. Keraton ini didirikan oleh Sri Sultan Hamengkubuwana I pada tahun 1755 sebagai Istana/Keraton Yogyakarta yang baru berdiri akibat perpecahan Mataram Islam dengan adanya Perjanjian Giyanti. Keraton ini adalah pecahan dari Keraton Surakarta Hadiningrat dari Mataram Islam Surakarta. Sehingga dinasti Mataram diteruskan oleh 2 Kerajaan yakni Kesultanan Yogyakarta dan Kesunanan Surakarta. Total luas wilayah keseluruhan keraton yogyakarta mencapai 144 hektar, yakni meliputi seluruh area di dalam benteng Baluwarti, alun-alun Lor, alun-alun Kidul, gapura Gladak, dan kompleks Masjid Gedhe Yogyakarta. Sementara luas dari kedhaton mencapai 13 hektar.",Founded in 1755 Yogyakarta retains a constitutional monarchy within Indonesia.,Didirikan tahun 1755 Yogyakarta mempertahankan monarki konstitusional dalam Indonesia.,Wayang shadow puppetry batik tulis and classical Javanese dance.,Wayang kulit batik tulis dan tari klasik Jawa.,Kraton tour;Shop at Malioboro,Tur Kraton;Belanja di Malioboro,Gudeg;Bakpia,Gudeg;Bakpia,Try batik workshops in Kotagede.,Ikuti workshop batik di Kotagede.,May – September,Mei – September
bromo,Mount Bromo,East Java,Java,volcano,112.953,-7.942,https://upload.wikimedia.org/wikipedia/commons/8/8e/Bromo-Semeru-Batok-Widodaren.jpg,https://upload.wikimedia.org/wikipedia/commons/8/8e/Bromo-Semeru-Batok-Widodaren.jpg,mountain,QbweRSMoQbI,Somma volcano in Indonesia,gunung berapi di Indonesia,"The Bromo, or Mount Bromo, is an active somma volcano, a Hindu pilgrimage site, and part of the Tengger mountains, in East Java, Indonesia. At 2,329 meters (7,641 ft), it is not the highest peak of the massif, but is the most active and famous. The area is one of the most visited tourist destinations in East Java, and the volcano is included in the Bromo Tengger Semeru National Park. The name Bromo comes from the Javanese pronunciation of Brahma, the Hindu god of creation. At the mouth of the crater, there is an idol of Ganesha, the Hindu god of wisdom, which is worshipped by Javanese Hindus. Mount Bromo is located in the middle of a plain called ""Sea of Sand"", a nature reserve that has been protected since 1919.","Gunung Bromo atau dalam bahasa Tengger dieja ""Brama"", juga disebut Kaldera Tengger, adalah sebuah gunung berapi aktif di Jawa Timur, Indonesia. Gunung ini memiliki ketinggian 2.614 meter di atas permukaan laut dan berada dalam empat wilayah kabupaten, yakni Kabupaten Probolinggo, Kabupaten Pasuruan, Kabupaten Lumajang, dan Kabupaten Malang. Gunung Bromo terkenal sebagai objek wisata utama di Jawa Timur. Sebagai sebuah objek wisata, Bromo menjadi menarik karena statusnya sebagai gunung berapi yang masih aktif. Gunung Bromo termasuk dalam kawasan Taman Nasional Bromo Tengger Semeru.",Sacred to the Tenggerese people Bromo hosts the annual Yadnya Kasada ceremony.,Disakralkan oleh masyarakat Tengger Bromo menjadi tempat upacara tahunan Yadnya Kasada.,The Tenggerese maintain Hindu traditions in a Muslim-majority region.,Masyarakat Tengger mempertahankan tradisi Hindu di wilayah mayoritas Muslim.,Sunrise jeep tour;Crater rim hike,Tur jeep matahari terbit;Pendakian tepi kawah,Nasi Aron;Pokak ginger drink,Nasi Aron;Minuman jahe Pokak,Bring warm layers — pre-dawn temperatures drop to 5°C.,Bawa pakaian hangat — suhu sebelum fajar bisa turun hingga 5°C.,April – October,April – Oktober
tanahlot,Tanah Lot,Bali,Bali,culture,115.0867,-8.6212,https://upload.wikimedia.org/wikipedia/commons/8/8d/TanahLot_2014.JPG,https://upload.wikimedia.org/wikipedia/commons/8/8d/TanahLot_2014.JPG,beach,enwvM0D34sc,"Rock formation off the coast of Bali, Indonesia",bangunan kuil di Indonesia,"Tanah Lot is a rock formation off the Indonesian island of Bali. It is home to the ancient Hindu pilgrimage temple Pura Tanah Lot, a popular tourist and cultural icon for photography.","Pura Tanah Lot adalah salah satu Pura yang sangat disucikan di Bali, Indonesia. Nama Tanah Lot berasal dari kata ""tanah"" yang artinya tanah atau pulau dan ""lot"" atau lod yang artinya laut. Sehingga nama Tanah Lot dapat diartikan sebagai sebuah tanah atau pulau yang terletak di laut. Di sini ada dua Pura yang terletak di atas batu besar. Satu terletak di atas bongkahan batu dan satunya terletak di atas tebing mirip dengan Pura Uluwatu. Pura Tanah Lot ini merupakan bagian dari Pura Dang Kahyangan. Pura Tanah Lot merupakan Pura laut tempat pemujaan dewa-dewa penjaga laut. Tanah Lot terkenal sebagai tempat yang indah untuk melihat matahari terbenam.",Founded by the priest Dang Hyang Nirartha during his journey along the Balinese coast.,Didirikan oleh pendeta Dang Hyang Nirartha dalam perjalanannya di pesisir Bali.,An important pilgrimage site honoring sea deities.,Situs ziarah penting yang menghormati dewa laut.,Sunset photography;Kecak fire dance,Fotografi matahari terbenam;Tari kecak api,Babi guling;Sate Lilit,Babi guling;Sate Lilit,Arrive 90 minutes before sunset for the best vantage.,Datang 90 menit sebelum matahari terbenam untuk titik terbaik.,May – September,Mei – September
rinjani,Mount Rinjani,Nusa Tenggara Barat,Lesser Sunda,volcano,116.4578,-8.4115,https://upload.wikimedia.org/wikipedia/commons/4/4c/KAGAGAHAN_RIJANI.jpg,https://upload.wikimedia.org/wikipedia/commons/4/4c/KAGAGAHAN_RIJANI.jpg,mountain,B8coTTVD-FU,"Active volcano in Lombok, Indonesia",gunung di Indonesia,"Mount Rinjani is an active stratovolcano situated in regencial North Lombok of West Nusa Tenggara province on the Indonesian island of Lombok. It reaches an elevation of 3,726 metres (12,224 ft), making it the second-highest volcano in Indonesia and the highest point in the province of West Nusa Tenggara.","Gunung Rinjani adalah gunung berapi stratovulkano aktif yang terletak di wilayah Lombok Utara, Nusa Tenggara Barat, di pulau Lombok, Indonesia. Gunung ini mencapai ketinggian 3.726 meter (12.224 ft), menjadikannya gunung berapi tertinggi kedua di Indonesia dan titik tertinggi di provinsi Nusa Tenggara Barat.",The massive eruption of Samalas in 1257 triggered global climate cooling.,Letusan dahsyat Samalas pada tahun 1257 memicu pendinginan iklim global.,Sacred to Sasak Muslims and Balinese Hindus who leave offerings.,Disakralkan oleh umat Sasak dan Hindu Bali yang meninggalkan sesaji.,Summit climb;Camping at Segara Anak lake,Pendakian puncak;Berkemah di danau Segara Anak,Ayam Taliwang;Pelecing Kangkung,Ayam Taliwang;Pelecing Kangkung,Prepare proper hiking gear; hiring a local guide is mandatory.,Siapkan peralatan mendaki yang memadai; menyewa pemandu wajib.,April – October,April – Oktober
komodo,Komodo Island,Nusa Tenggara Timur,Lesser Sunda,park,119.4914,-8.5485,https://upload.wikimedia.org/wikipedia/commons/3/3a/Komodo_dragon_at_Komodo_National_Park.jpg,https://upload.wikimedia.org/wikipedia/commons/3/3a/Komodo_dragon_at_Komodo_National_Park.jpg,beach,bSvQ4ZYwJH8,National park in Indonesia,taman nasional di Indonesia,"Komodo National Park is a national park in Indonesia located within the Lesser Sunda Islands in the border region between the provinces of East Nusa Tenggara and West Nusa Tenggara. The park includes the three larger islands Komodo, Padar and Rinca, and 26 smaller ones, with a total area of 1,733 km2 (669 sq mi), with 603 km2 (233 sq mi) of it land. The national park was founded in 1980 to protect the Komodo dragon, the world's largest lizard. Later it was dedicated to protecting other species, including marine species. In 1991 the national park was declared a UNESCO World Heritage Site and a Man and Biosphere Reserve. It is considered one of the world's 25 biodiversity hotspots.","Taman Nasional Komodo adalah kawasan konservasi yang terletak di daerah administrasi Provinsi Nusa Tenggara Timur, Indonesia. Taman nasional ini dapat diakses melalui Labuan Bajo yang merupakan pintu gerbang utama menuju kawasan ini.",Komodo dragons evolved here in isolation over millions of years.,Komodo berevolusi di sini secara terisolasi selama jutaan tahun.,The Ata Modo people share ancestral stories of being descendants of a dragon princess.,Suku Ata Modo mewariskan kisah leluhur sebagai keturunan putri naga.,Dragon ranger trek;Padar Island hike;Pink Beach snorkel,Trek ranger naga;Pendakian Pulau Padar;Snorkeling Pantai Pink,Se'i smoked fish;Golo fish,Ikan asap Se'i;Ikan Golo,Always hike with a ranger.,Selalu mendaki dengan ranger.,April – December,April – Desember
khatulistiwa,Equator Monument,West Kalimantan,Kalimantan,heritage,109.3192,0.0012,https://upload.wikimedia.org/wikipedia/commons/c/ce/Eksterior_Tugu_Khatulistiwa_Pontianak_(2026).jpg,https://upload.wikimedia.org/wikipedia/commons/c/ce/Eksterior_Tugu_Khatulistiwa_Pontianak_(2026).jpg,culture,UT4hhCPNje8,Historic monument marking the Earth equator line.,monumen di Indonesia,A historic monument located in Pontianak exactly on the Earth equator line.,"Tugu Khatulistiwa adalah sebuah bangunan yang berfungsi sebagai penanda area atau titik yang dilewati garis khatulistiwa. Tugu ini juga merupakan salah satu tempat bersejarah yang terdapat di Kalimantan Barat, serta menjadi objek wisata di Kota Pontianak. Selain sebagai tempat wisata, tugu ini berfungsi sebagai sumber pembelajaran karena merupakan lokasi penelitian astronomi dan juga untuk wisata edukasi.",First built in 1928 by a Dutch geographer reconstructed multiple times since.,Pertama kali dibangun pada tahun 1928 oleh geograf Belanda direkonstruksi beberapa kali.,Represents the geographic pride of Pontianak the Equator City.,Melambangkan kebanggaan geografis kota Pontianak sebagai Kota Khatulistiwa.,View shadows disappear on equinox;Explore museum,Lihat bayangan menghilang saat ekuinoks;Jelajahi museum,Chai Kue;Pontianak orange juice,Chai Kue;Es jeruk Pontianak,Visit during March 21-23 or September 21-23 to see shadowless phenomena.,Kunjungi selama 21-23 Maret atau 21-23 September untuk melihat fenomena tanpa bayangan.,March – September,Maret – September
tanjungputing,Tanjung Puting National Park,Central Kalimantan,Kalimantan,park,111.9312,-2.9015,https://upload.wikimedia.org/wikipedia/commons/6/6c/Tanjung-Puting90153.jpg,https://upload.wikimedia.org/wikipedia/commons/6/6c/Tanjung-Puting90153.jpg,forest,m0EY-GFn6Rc,National park in Indonesia,taman nasional di Indonesia,"Tanjung Puting National Park is a national park in Indonesia located along the Sekonyer River in the southeast part of West Kotawaringin Regency in the Indonesian province of Central Kalimantan. The nearest main town is the capital of the Regency, Pangkalan Bun. The park is famous for its orangutan conservation.",Taman Nasional Tanjung Puting adalah sebuah taman nasional yang terletak di semenanjung barat daya provinsi Kalimantan Tengah.,Camp Leakey was established in 1971 by Dr. Biruté Galdikas.,Camp Leakey didirikan tahun 1971 oleh Dr. Biruté Galdikas.,Dayak and Malay communities maintain deep forestry customs.,Komunitas Dayak dan Melayu menjaga adat istiadat kehutanan yang mendalam.,Klotok houseboat cruise;Camp Leakey feeding visit,Pelayaran perahu klotok;Kunjungan pemberian makan Camp Leakey,Soto Banjar;Sweet river prawn,Soto Banjar;Udang galah sungai,Mosquito repellent is essential for forest walks.,Cairan anti-nyamuk sangat penting untuk jalan-jalan di hutan.,June – September,Juni – September
lokbaintan,Lok Baintan Floating Market,South Kalimantan,Kalimantan,culture,114.6732,-3.2912,https://upload.wikimedia.org/wikipedia/commons/9/9a/Floating_Market_Lok_Baintan%2C_Lok_Baintan_Port.JPG,https://upload.wikimedia.org/wikipedia/commons/9/9a/Floating_Market_Lok_Baintan%2C_Lok_Baintan_Port.JPG,village,MQv7PEchnuY,Traditional market on boats since the Banjar Sultanate.,pusat perbelanjaan di Indonesia,A vibrant floating market where traders sell agricultural goods from wooden boats called jukung.,"Pasar Terapung Lok Baintan atau Pasar Terapung Sungai Martapura adalah sebuah pasar terapung tradisional yang berlokasi di desa Sungai Pinang, kecamatan Sungai Tabuk, Banjar. Secara umum, Pasar Terapung Lok Baintan tak beda dengan Pasar Terapung di muara Sungai Kuin/Sungai Barito. Keduanya sama-sama pasar tradisional di atas perahu atau dalam bahasa Banjar disebut jukung yang menjual beragam dagangan, seperti hasil produksi pertanian/perkebunan dan berlangsung tidak terlalu lama, paling lama sekitar tiga hingga empat jam. Pasar terapung ini sudah ada sejak zaman Kesultanan Banjar.",Has operated since the Banjar Sultanate era representing centuries of river trade.,Telah beroperasi sejak era Kesultanan Banjar mewakili perdagangan sungai berabad-abad.,Reflects the Banjar people's river life and trading tradition.,Mencerminkan kehidupan sungai suku Banjar dan tradisi perdagangan.,Ride a traditional jukung;Buy fresh tropical fruits,Naik jukung tradisional;Beli buah-buahan segar,Soto Banjar;Ketupat Kandangan,Soto Banjar;Ketupat Kandangan,Arrive early by 6:00 AM as the market finishes by mid-morning.,Datanglah pagi-pagi pukul 06.00 karena pasar selesai pada pertengahan pagi.,Dry Season (June – September),Musim Kemarau (Juni – September)
derawan,Derawan Islands,East Kalimantan,Kalimantan,beach,118.2562,2.2842,https://upload.wikimedia.org/wikipedia/commons/4/4e/Derawan_Island_East_Kalimantan.jpg,https://upload.wikimedia.org/wikipedia/commons/4/4e/Derawan_Island_East_Kalimantan.jpg,beach,oTygxbBggYE,Island group in Indonesia,kepulauan di Indonesia,"The Derawan Islands are in the province of East Kalimantan in Indonesia. They consist of 31 islands, most well known among these are the islands of Derawan, Kakaban, Maratua, and Sangalaki. There are also numerous submerged reefs and islets. They are located in the Sulawesi Sea, on the coastal shelf of East Kalimantan. The islands are part of the Berau Regency.","Kepulauan Derawan adalah sebuah kepulauan yang berada di Kabupaten Berau, Kalimantan Timur. Di kepulauan ini terdapat sejumlah objek wisata bahari menawan, salah satunya Taman Bawah Laut yang diminati wisatawan mancanegara terutama para penyelam kelas dunia.",Protected as a marine sanctuary to preserve vital nesting grounds.,Dilindungi sebagai suaka margasatwa laut untuk menjaga tempat peneluran vital.,Home to Bajau Laut (Sea Gypsies) communities known for free-diving.,Rumah bagi komunitas Bajau Laut (Gipsi Laut) yang dikenal karena free-diving.,Swim in Kakaban jellyfish lake;Turtle nesting observation,Berenang di danau ubur-ubur Kakaban;Pengamatan peneluran penyu,Tehe-tehe stuffed sea urchin;Elai tropical fruit,Tehe-tehe bulu babi isi ketan;Buah Elai,Do not wear sunscreen when swimming in Kakaban lake to protect jellyfish.,Jangan memakai tabir surya saat berenang di danau Kakaban untuk menjaga ubur-ubur.,April – October,April – Oktober
kayanmentarang,Kayan Mentarang National Park,North Kalimantan,Kalimantan,park,115.9123,3.4212,https://upload.wikimedia.org/wikipedia/commons/0/03/Gas_Station_A.JPG,https://upload.wikimedia.org/wikipedia/commons/0/03/Gas_Station_A.JPG,forest,oIVjfPNvUnI,National park in Indonesia,taman nasional di Indonesia,"Kayan Mentarang National Park is a densely forested national park located in the Indonesian province of North Kalimantan, on the island of Borneo. The national park is named after a great dispersed Mentarang mountain trails plateau of Apau Kayan which covers the entire park from Datadian area in south region to Apau Ping area in mid region until Long Bawan in north region.","Taman Nasional Kayan Mentarang (TNKM), ditetapkan pertama kali pada tahun 1980 sebagai Cagar Alam oleh Menteri Pertanian Indonesia. Kemudian pada tahun 1996, atas desakan masyarakat lokal (adat) dan rekomendasi dari WWF, kawasan ini diubah statusnya menjadi Taman Nasional agar kepentingan masyarakat lokal dapat diakomodasikan. TNKM memiliki kawasan hutan primer dan skunder tua terbesar yang masih tersisa di Pulau Borneo dan kawasan Asia Tenggara.",Declared a national park in 1996 protecting vital endemic species of Borneo.,Dinyatakan sebagai taman nasional pada tahun 1996 melindungi spesies endemik Kalimantan.,Preserves ancestral Dayak archaeological sites and cultural stone monuments.,Melestarikan situs arkeologi Dayak leluhur dan monumen batu budaya.,Jungle hiking;Visit Dayak village,Hiking hutan;Kunjungi desa Dayak,Dayak rice wrapped in leaves;Smoked jungle boar,Nasi bungkus daun Dayak;Babi hutan asap,Permits are required in advance; hiring a local guide is mandatory.,Izin diperlukan terlebih dahulu; menyewa pemandu lokal adalah wajib.,May – October,May – Oktober
bunaken,Bunaken Marine Park,North Sulawesi,Sulawesi,marine,124.7612,1.6231,https://upload.wikimedia.org/wikipedia/commons/6/6b/Bunaken01.JPG,https://upload.wikimedia.org/wikipedia/commons/6/6b/Bunaken01.JPG,beach,ERkxRLFVQwg,"Marine park in the north of Sulawesi island, Indonesia",taman nasional di Indonesia,"Bunaken National Park is a marine park in the north of Sulawesi Island, Indonesia. The park is located near the centre of the Coral Triangle, providing habitat to 390 species of coral as well as many fish, mollusks, reptiles and marine mammal species. The park is representative of Indonesian tropical water ecosystems, consisting of seagrass plains, coral reefs and coastal ecosystems.","Taman Nasional Bunaken adalah taman laut yang terletak di Sulawesi Utara, Indonesia. Taman ini terletak di Segitiga Terumbu Karang yang menjadi habitat bagi 390 spesies terumbu karang dan juga berbagai spesies ikan, moluska, reptil, dan mamalia laut. Taman Nasional Bunaken merupakan perwakilan ekosistem laut Indonesia, meliputi padang rumput laut, terumbu karang, dan ekosistem pantai.",Established in 1991 Bunaken was one of Indonesia's first marine national parks.,Didirikan tahun 1991 Bunaken adalah salah satu taman nasional laut pertama di Indonesia.,Minahasa communities maintain fishing traditions and sustainable tourism.,Masyarakat Minahasa mempertahankan tradisi menangkap ikan dan pariwisata berkelanjutan.,Deep wall diving;Dolphin watching boat tour,Penyelaman dinding dalam;Tur melihat lumba-lumba,Tinutuan porridge;Grilled fish with Dabu-Dabu,Bubur Tinutuan;Ikan bakar Dabu-Dabu,Dry season offers visibility exceeding 30 meters.,Musim kemarau menawarkan visibilitas melebihi 30 meter.,May – October,Mei – Oktober
togean,Togean Islands,Central Sulawesi,Sulawesi,marine,121.8294,-0.4212,https://upload.wikimedia.org/wikipedia/commons/8/8d/TogianIslandMap.svg,https://upload.wikimedia.org/wikipedia/commons/8/8d/TogianIslandMap.svg,beach,R2O8DCevSLY,Island group in Indonesia,kepulauan di Indonesia,"The Togian Islands are an archipelago of 56 islands and many offshore islets, situated in the Gulf of Tomini, off the coast of Central Sulawesi, in Indonesia. The largest islands are Batudaka, Togean, Talatako, Una-Una, Walea Bahi, Walea Kodi and Malenge. There are 59 villages on the islands, with one settled by the Bajau people, more commonly known as the sea gypsies.","Kepulauan Togean merupakan sebuah kepulauan yang terletak di Kabupaten Tojo Una-Una, Provinsi Sulawesi Tengah, Indonesia. Panjang Kepulauan Togean sekurangnya 90 km.",Declared a marine national park in 2004 to protect pristine coral ecosystems.,Dinyatakan sebagai taman nasional laut tahun 2004 untuk melindungi ekosistem karang.,Home to Bajau communities living in stilt villages over the ocean.,Rumah bagi komunitas Bajau yang tinggal di desa panggung di atas laut.,Snorkeling at Reef 1;Swim with stingless jellyfish,Snorkeling di Terumbu Karang 1;Berenang dengan ubur-ubur tanpa sengat,Traditional sago pancakes;Seafood grill,Sagu lempeng tradisional;Olahan laut bakar,Bring cash as there are no ATMs on the remote islands.,Bawa uang tunai karena tidak ada ATM di pulau-pulau terpencil.,August – October,Agustus – Oktober
toraja,Tana Toraja,South Sulawesi,Sulawesi,culture,119.8821,-3.0562,https://upload.wikimedia.org/wikipedia/commons/d/dd/Ke'te'_Kesu'_1.jpg,https://upload.wikimedia.org/wikipedia/commons/d/dd/Ke'te'_Kesu'_1.jpg,culture,X46F0Q0X3Eo,"Regency in South Sulawesi, Indonesia",kabupaten di Provinsi Sulawesi Selatan,"Tana Toraja Regency is a landlocked regency (kabupaten) of South Sulawesi Province of Indonesia, and home to the Toraja ethnic group. It covers an area of 2,043.62 km2 (789.05 sq mi) and had a population of 221,081 at the 2010 census and 280,794 at the 2020 census; the official estimate as at mid 2022 was 291,046, but the total then fell and the official figure for mid 2025 was a much reduced total of 256,780.","Kabupaten Tana Toraja adalah salah satu kabupaten yang berada di Provinsi Sulawesi Selatan, Indonesia. Ibu kota dari kabupaten ini ada di kecamatan Makale. Tana Toraja memiliki luas wilayah 2.054,30 km² dan pada tahun 2023 memiliki penduduk sebanyak 257.901 jiwa dengan kepadatan 130 jiwa/km². Dan pada pertengahan 2024, penduduk Tana Teraja sebanyak 258.257 jiwa.",Maintained isolation in mountainous highlands for centuries.,Mempertahankan isolasi di dataran tinggi pegunungan selama berabad-abad.,Rambu Solo death ceremony is a feast of buffalo sacrifices and sacred dances,Upacara kematian Rambu Solo adalah perayaan kurban kerbau dan tari sakral,Visit Londa cliff graves;Explore Kete Kesu village,Mengunjungi makam tebing Londa;Menjelajahi desa Kete Kesu,Pa'piong meat;Toraja coffee,Pa'piong daging;Kopi Toraja,Wear modest clothing and act respectfully at grave sites.,Kenakan pakaian sopan dan bersikaplah hormat di situs makam.,June – September,Juni – September
wakatobi,Wakatobi Marine Park,Southeast Sulawesi,Sulawesi,marine,123.5821,-5.3212,https://upload.wikimedia.org/wikipedia/commons/d/d9/Wakatobi_beach_2006.jpg,https://upload.wikimedia.org/wikipedia/commons/d/d9/Wakatobi_beach_2006.jpg,beach,8_DhUi5rlA8,"Marine park in Southeast Sulawesi, Indonesia",taman nasional di Indonesia,"Wakatobi National Park is a marine national park in Southeast Sulawesi, Indonesia. It was established in 2002. The name of Wakatobi is a portmanteau of the four main Tukangbesi Islands: Wangi-wangi, Kaledupa, Tomia, and Binongko. Since 2005 the park is listed as a tentative World Heritage Site.","Taman Nasional Wakatobi adalah salah satu taman nasional di Indonesia. Letaknya di Kabupaten Wakatobi, Sulawesi Tenggara. Taman nasional ini ditetapkan pada tanggal 19 Agustus tahun 2002 berdasarkan Surat Keputusan Menteri kehutanan Nomor 7661/Kpts-II/2002. Lahan yang dipakai seluas 1,39 juta hektare. Sebelumnya, taman nasional ini juga telah ditetapkan oleh Surat Keputusan Menteri Kehutanan Nomor 393/Kpts-V/1996. Taman Nasional Wakatobi terdiri dari 25 gugusan terumbu karang sepanjang 600 km. Wakatobi merupakan akronim dari nama empat pulau besar, yaitu Pulau Wangi-wangi, Pulau Kaledupa, Pulau Tomia dan Pulau Binongko. Perairan lautnya beragam mulai dari yang datar, melandai ke arah laut, dan bertubir curam. Kedalaman airnya bervariasi dengan bagian terdalam 1.044 meter. Permukaan laut ini berpasir dan berkarang. Di taman nasional ini ada 112 jenis karang dari 13 famili.",Formed as a national park in 1996 conserving the heart of the Coral Triangle.,Dibentuk sebagai taman nasional tahun 1996 melestarikan jantung Segitiga Terumbu Karang.,Local Bajo people possess legendary diving capabilities and ocean connection.,Masyarakat Bajo setempat memiliki kemampuan menyelam dan koneksi laut yang legendaris.,Diving at Tomia wall;Explore Bajo stilt village,Menyelam di dinding Tomia;Jelajahi desa panggung Bajo,Kasoami cassava bread;Grilled fish,Kasoami roti singkong;Ikan bakar,Perfect destination for scuba diving; check diving gears before departure.,Destinasi sempurna untuk scuba diving; periksa alat selam sebelum berangkat.,April – June & October – December,April – Juni & Oktober – Desember
olele,Olele Marine Park,Gorontalo,Sulawesi,marine,123.1532,0.4012,https://upload.wikimedia.org/wikipedia/commons/0/07/Teluk_Tomini.jpg,https://upload.wikimedia.org/wikipedia/commons/0/07/Teluk_Tomini.jpg;https://upload.wikimedia.org/wikipedia/commons/2/24/Gorontalo_coast.jpg,beach,e--C3KPx1no,Unique marine park featuring Salvador Dali sponge corals.,Taman laut unik yang memiliki karang spons Salvador Dali.,A coastal marine reserve famous for Salvador Dali sponge corals unique only to this bay.,Cagar alam laut pesisir yang terkenal dengan karang spons Salvador Dali unik di teluk ini.,Established in 2005 to protect local marine environment in Tomini Gulf.,Didirikan tahun 2005 untuk melindungi lingkungan laut setempat di Teluk Tomini.,Reflects the local Gorontalo fisherman custom and diving conservation efforts.,Mencerminkan adat nelayan Gorontalo setempat dan upaya konservasi penyelaman.,Snorkeling;Glass-bottom boat ride,Snorkeling;Naik perahu dasar kaca,Binthe Biluhuta soup;Ikan bakar Gorontalo,Sup Binthe Biluhuta;Ikan bakar Gorontalo,Snorkel gently to avoid damaging the rare sponge corals.,Snorkelinglah secara perlahan untuk menghindari kerusakan karang spons langka.,November – April,November – April
pantaidato,Dato Beach,West Sulawesi,Sulawesi,beach,118.9812,-3.5212,https://upload.wikimedia.org/wikipedia/commons/d/d4/Pantai_Dato_Majene.jpg,https://upload.wikimedia.org/wikipedia/commons/d/d4/Pantai_Dato_Majene.jpg,beach,QhpPYOAqg1k,"Regency in West Sulawesi, Indonesia",Pantai berpasir dengan formasi batu kapur yang indah.,"Majene Regency is one of the six regencies which comprise West Sulawesi Province, Indonesia, on the island of Sulawesi. The Regency covers a land area of 947.84 km2, and had a population of 151,197 at the 2010 Census and 174,407 at the 2020 Census; the official estimate as at mid 2025 was 191,626. The town of Majene in the far south of the regency is the administrative capital, and consists of two administrative districts - Banggae and Banggae Timur - with over 43% of the regency population between them.",Pantai pasir putih indah yang terbagi oleh tebing batu kapur menjulang unik.,Formed naturally through erosion presenting geological heritage of Majene.,Terbentuk secara alami melalui erosi menyajikan warisan geologi Majene.,Reflects Mandar maritime culture and local fish trading activities.,Mencerminkan budaya maritim Mandar dan aktivitas perdagangan ikan setempat.,Climb limestone cliffs;Sunset viewing,Panjat tebing batu kapur;Melihat matahari terbenam,Jepa cassava flatbread;Grilled flying fish,Roti pipih singkong Jepa;Ikan terbang bakar,Climb the stairs up the cliff to get a panoramic view of the bay.,Naiki tangga ke atas tebing untuk menikmati pemandangan panorama teluk.,May – September,Mei – September
bandaneira,Banda Neira,Maluku,Maluku,heritage,129.9032,-4.5242,https://upload.wikimedia.org/wikipedia/commons/a/aa/Bandaneira-0039.JPG,https://upload.wikimedia.org/wikipedia/commons/a/aa/Bandaneira-0039.JPG,beach,sTVKCe8reio,Island in Indonesia,"pulau di Kabupaten Maluku Tengah, Maluku","Banda Neira is an island in the Banda Islands, Indonesia. It is administered as part of the administrative Banda Islands District within the Central Maluku Regency in the province of Maluku. To the south is the main town of the same name, which is the largest town in the archipelago with around 7,000 inhabitants.","Banda Neira adalah salah satu pulau di Kepulauan Banda yang berfungsi sebagai pusat administratif Kecamatan Banda, Kabupaten Maluku Tengah, Maluku. Secara administratif, wilayah ini terdiri dari 12 Negeri, meliputi Dwiwarna, Kampung Baru, Merdeka, Nusantara, Rajawali, Tanah Rata, Lonthoir, Walang, Katoro, Kumber, Selamon, Dender, Waer, dan Pulau Hatta.",Fort Belgica was built in 1611 as the nutmeg trade headquarters.,Benteng Belgica dibangun tahun 1611 sebagai markas perdagangan pala.,Banda culture blends Arab Dutch Chinese and native Melanesian heritage.,Budaya Banda memadukan warisan Arab Belanda Tionghoa dan Melanesia asli.,Explore Fort Belgica;Snorkeling at Lava Flow,Jelajahi Benteng Belgica;Snorkeling di Lava Flow,Nutmeg jam;Banda fish soup,Selai pala;Sup ikan Banda,Plan travel dates with room for seasonal weather delays.,Jadwalkan perjalanan dengan toleransi waktu untuk penundaan cuaca.,September – November & March – April,September – November & Maret – April
sulamadaha,Sulamadaha Beach,North Maluku,Maluku,beach,127.3292,0.8412,https://upload.wikimedia.org/wikipedia/commons/5/5e/Ternate_in_sight.jpg,https://upload.wikimedia.org/wikipedia/commons/5/5e/Ternate_in_sight.jpg,beach,KFANkXE_p-o,"Largest city in North Maluku, Indonesia",halaman disambiguasi Wikimedia,"Ternate, also known as the City of Ternate, is the 
city with the largest population in the province of North Maluku and an island in the Maluku Islands, Indonesia. It was the de facto provincial capital of North Maluku before Sofifi on the nearby coast of Halmahera became the capital in 2010. It is off the west coast of Halmahera, and is composed of five islands: Ternate, the biggest and main island of the city, and Moti, Hiri, Tifure and Mayau. In total, the city has a land area of 162.20 square kilometres and had a total population of 185,705 according to the 2010 census, and 205,001 according to the 2020 census, with a density of 1,264 people per square kilometre; the official estimate as at mid 2024 was 210,836.","Ternate dapat mengacu pada beberapa hal berikut:Bahasa Ternate
Kesultanan Ternate
Kota Ternate
Suku Ternate
Pulau Ternate",Formerly a quiet shelter for local fishing boats now a marine eco geopark.,Dahulu pelabuhan tenang perahu nelayan setempat sekarang menjadi geopark laut.,Local Moluccan maritime culture with bamboo rowboats and traditional fishing.,Budaya maritim Maluku setempat dengan perahu dayung bambu dan nelayan tradisional.,Rent a rowboat;Snorkel in crystal water,Sewa perahu dayung;Snorkeling di air kristal,Air Guraka ginger tea;Grilled banana,Teh jahe Air Guraka;Pisang goreng,Take a rowboat to Saomadaha cove nearby for the clearest glass-water experience.,Naik perahu dayung ke teluk Saomadaha terdekat untuk air kaca paling jernih.,October – April,Oktober – April
sentani,Lake Sentani,Papua,Papua,ecotourism,140.5292,-2.6012,https://upload.wikimedia.org/wikipedia/commons/1/1a/Sentani_Lake.jpg,https://upload.wikimedia.org/wikipedia/commons/1/1a/Sentani_Lake.jpg,forest,iugeUWtKE6I,"Lake in Papua, Indonesia",salah satu danau di dunia,"Lake Sentani is a tropical, shallow, and at low-altitude open lake located at the northeast extremity of the Jayapura Regency in the Indonesian province of Papua, about 20 kilometres (12 mi) from the provincial capital, Jayapura City. It is located just to the south of the town of Sentani.","Danau Sentani adalah danau yang terletak di Pulau Papua, Indonesia. Danau Sentani berada di bawah lereng selatan Pegunungan Cycloop yang merupakan Cagar Alam Pegunungan Cycloop dengan luas mencapai 22.500 ha (225 km2). Danau ini terbentang antara Kabupaten Jayapura dan Kota Jayapura, Provinsi Papua, Indonesia. Danau Sentani yang berada pada ketinggian 73 mdpl ini memiliki luas permukaan sekitar 104 km2 (10.400 ha) dan kedalaman mencapai 52 meter. Danau Sentani merupakan danau terluas di Papua dengan luas daerah tangkapan air (DTA) sekitar 74.100 ha (741 km2).",Inhabited by native Sentani tribes preserving traditional lake dwelling and customs.,Dihuni oleh suku Sentani asli melestarikan rumah panggung dan adat danau.,Sentani bark paintings and traditional war dances.,Lukisan kulit kayu Sentani dan tarian perang tradisional.,Take a lake boat tour;Explore Asei island,Ikuti tur perahu danau;Jelajahi pulau Asei,Papeda with yellow fish;Sago caterpillars,Papeda kuah kuning;Ulat sagu,Visit during the annual Lake Sentani Festival in June for rich cultural events.,Kunjungi festival tahunan Danau Sentani di bulan Juni untuk acara budaya kaya.,June – August,Juni – Agustus
pegarfak,Arfak Mountains,Papua Barat,Papua,ecotourism,133.9123,-1.3512,https://upload.wikimedia.org/wikipedia/commons/0/01/Arfak_Mountains.jpg,https://upload.wikimedia.org/wikipedia/commons/0/01/Arfak_Mountains.jpg,forest,667gV_VFCxE,Mountain range in Indonesia,pegunungan di Indonesia,"The Arfak Mountains is a mountain range found on the Bird's Head Peninsula in the Province of West Papua, Indonesia.","Pegunungan Arfak merupakan pegunungan yang terletak di Provinsi Papua Barat. Pegunungan ini terletak di sisi timur laut dari Semenanjung Kepala Burung. Pegunungan ini adalah daerah populer untuk pendakian dan puncak tertingginya adalah Gunung Arfak. Dari puncak-puncaknya, Kota Manokwari dapat terlihat. Puncak Pegunungan Arfak beriklim sedang dan kering dengan sangat panas, suhu musim panas kering yang rata-rata di bawah 35 °C dan ringan, suhu musim dingin lembap yang rata-rata di atas 3 °C. Selama musim dingin, puncak gunung es biasanya ada dan kadang-kadang bisa sampai 0,5 °C sesekali. Kadang-kadang salju dapat jatuh di puncak, tetapi tidak setiap tahun. Rata-rata jumlah hujan per tahun sekitar 45 inci.",Inhabited by the Arfak people who have deep customary forest protection laws.,Dihuni oleh suku Arfak yang memiliki hukum adat perlindungan hutan yang mendalam.,The traditional houses are built on stilts and called 'kaki seribu'.,Rumah tradisional dibangun di atas panggung dan disebut kaki seribu.,Bird watching;Highland hiking,Mengamati burung;Mendaki dataran tinggi,Roasted sweet potato;Jungle honey,Ubi jalar bakar;Madu hutan,Warm clothing is necessary as temperature drops significantly at night.,Pakaian hangat diperlukan karena suhu turun drastis pada malam hari.,May – October,Mei – Oktober
wasur,Wasur National Park,Papua Selatan,Papua,park,140.7292,-8.4212,https://upload.wikimedia.org/wikipedia/commons/c/c4/Wasur_Rainbow_1994.jpg,https://upload.wikimedia.org/wikipedia/commons/c/c4/Wasur_Rainbow_1994.jpg,forest,3rdxwdADpro,National park in Indonesia,taman nasional di Indonesia,"The Wasur National Park forms part of the largest wetland in Merauke Regency, South Papua, Indonesia and has been one of the least disturbed by human activity. The high value of its biodiversity has led to the park being dubbed the ""Serengeti of Papua"". The vast open wetland, in particular Rawa Biru Lake, attracts a very rich fauna.","Taman Nasional Wasur adalah salah satu taman nasional yang ada di Indonesia. Letaknya berada di bagian tenggara Provinsi Papua Selatan. Namanya merupakan nama salah satu desa di dalamnya. Nama tersebut berasal dari kata bahasa Marori yaitu Waisol yang berarti kebun. Taman Nasional Wasur merupakan lahan basah yang tergenang air selama 4 - 6 bulan dalam setahun. Di dalamnya terdapat habitat burung migran. Keseimbangan ekosistem di dalam Taman Nasional Wasur dipengaruhi oleh siklus air. Pada musim kemarau, rawa-rawa terbentuk karena air surut melalui parit-parit alami yang terhubung ke laut. Dalam sistem koordinat geografi, kawasan Taman Nasional Wasur terletak antara 140o 29' – 141o 00' Bujur Timur dan 08o 04' – 09o 07' Lintang Selatan. Dalam pembagian administratif Indonesia, Taman Nasional Wasur masuk dalam wilayah Kabupaten Merauke di 4 kecamatan.",Declared a national park in 1997 to protect the wetlands from agricultural sprawl.,Dinyatakan sebagai taman nasional pada tahun 1997 untuk melindungi lahan basah.,Dayak Kanume tribe maintains traditional hunting and forest lore.,Suku Dayak Kanume menjaga perburuan tradisional dan adat hutan.,See Musamus termite mounds;View migratory birds,Lihat sarang rayap Musamus;Lihat burung migran,Sago porridge;Roast venison,Bubur sagu;Daging rusa bakar,Keep a safe distance from wild animals; follow ranger instructions.,Jaga jarak aman dari hewan liar; ikuti instruksi ranger.,July – November,Juli – November
puncakjaya,Carstensz Pyramid,Papua Tengah,Papua,mountain,137.1892,-4.0832,https://upload.wikimedia.org/wikipedia/commons/c/cd/Carstenzs_Piramida_Mountain.jpg,https://upload.wikimedia.org/wikipedia/commons/c/cd/Carstenzs_Piramida_Mountain.jpg,mountain,SLemquaAt-g,Highest mountain in Indonesia and Oceania,gunung di Indonesia,"Puncak Jaya or Carstensz Pyramid on the island of New Guinea, with an elevation of 4,884 m (16,024 ft), is the highest mountain peak of an island on Earth, and the highest peak in Indonesia and within Oceania. The mountain is located in the Sudirman Range of the highlands of Mimika Regency, Central Papua, Indonesia. Puncak Jaya is ranked 5th in the world by topographic isolation.","Puncak Jaya adalah puncak tertinggi yang menjadi bagian dari Pegunungan Barisan Sudirman yang terdapat di Kabupaten Mimika, Provinsi Papua Tengah, Indonesia. Puncak Jaya atau Piramida Carstensz mempunyai ketinggian 4.884 mdpl dan di sekitarnya terdapat gletser dengan nama yang sama yakni gletser Carstensz, satu-satunya gletser tropika di Indonesia, yang tersisa dan secara perlahan mulai menipis akibat pemanasan global.",First climbed by Austrian mountaineer Heinrich Harrer in 1962.,Pertama kali didaki oleh pendaki Austria Heinrich Harrer tahun 1962.,Inhabited by the Amungme people who hold the mountain as sacred ancestor origin.,Dihuni oleh suku Amungme yang menganggap gunung sebagai asal usul leluhur suci.,Glacier trekking;High altitude mountaineering,Trekking gletser;Pendakian gunung tinggi,Sago bread;Wild boar,Roti sagu;Babi hutan,Only for highly experienced climbers; requires special permits and preparation.,Hanya untuk pendaki berpengalaman; memerlukan izin khusus dan persiapan.,May – November,Mei – November
baliem,Baliem Valley,Papua Pegunungan,Papua,culture,138.9212,-4.0912,https://upload.wikimedia.org/wikipedia/commons/b/b6/20170903_Papouasie_Baliem_valley_15.jpg,https://upload.wikimedia.org/wikipedia/commons/b/b6/20170903_Papouasie_Baliem_valley_15.jpg,culture,YXz8ze1QTF0,Valley in western New Guinea,lembah di Indonesia,"The Baliem Valley is a valley of the Central Highlands in Western New Guinea, specifically in the province of Highland Papua, Indonesia. The main town in the valley is Wamena, which lies on the Baliem River. The valley is about 80 km in length by 20 km in width and lies at an altitude of about 1,600–1,700 metres (5,200–5,600 ft), with a population of over 200,000.","Lembah Baliem adalah lembah di wilayah Pegunungan Jayawijaya dan juga merupakan lokasi ibu kota Provinsi Papua Pegunungan, yaitu Kabupaten Jayawijaya. Lembah Baliem berada di ketinggian 1.600 meter dari permukaan laut yang dikelilingi pegunungan dengan pemandangannya yang indah dan masih alami. Suhu bisa mencapai 10-15 derajat celcius pada waktu malam.",Yali,dan Lani.,A high valley in the Star Mountains preserving deep tribal customs and traditional farming.,Lembah tinggi di Pegunungan Bintang menjaga adat suku dan pertanian tradisional.,First documented in 1938 by Richard Archbold during his exploration flight.,Pertama kali didokumentasikan tahun 1938 oleh Richard Archbold dalam penerbangan eksplorasi.,The Dani people maintain unique stone age traditions agricultural sweet potatoes.,Suku Dani mempertahankan tradisi zaman batu pertanian ubi jalar.,Observe Dani festival;Walk traditional village,Saksikan festival Dani;Jalan di desa tradisional,Sweet potato bake;Boiled pork,Bakar batu ubi jalar;Daging babi rebus
rajaampat,Raja Ampat,Papua Barat Daya,Papua,marine,130.5236,-0.2333,https://upload.wikimedia.org/wikipedia/commons/a/a1/Raja_Ampat_Islands_-_journal.pbio.1001457.g001.png,https://upload.wikimedia.org/wikipedia/commons/a/a1/Raja_Ampat_Islands_-_journal.pbio.1001457.g001.png,beach,QvCOu0FZ6Dg,"Archipelago in Southwest Papua, Indonesia",kepulauan di Indonesia,"Raja Ampat, or the Four Kings, is an archipelago located off of the northwest tip of Bird's Head Peninsula, Southwest Papua province, Indonesia. It comprises over 1,500 small islands, cays, and shoals around the four main islands of Misool, Salawati, Batanta, and Waigeo, and the smaller island of Kofiau.","Kepulauan Raja Ampat adalah gugusan kepulauan yang berlokasi di barat bagian Semenanjung Kepala Burung (Vogelkoop) Pulau Papua. Secara administrasi, gugusan ini berada di bawah Kabupaten Raja Ampat dan Kota Sorong, Provinsi Papua Barat Daya. Kepulauan ini sekarang menjadi tujuan para penyelam yang tertarik akan keindahan pemandangan bawah lautnya. Empat gugusan pulau yang menjadi anggotanya dinamakan menurut empat pulau terbesarnya, yaitu Pulau Waigeo, Pulau Misool, Pulau Salawati, dan Pulau Batanta. Perairan Kepulauan Raja Ampat memiliki sebaran 574 spesies terumbu karang dan 553 jenis ikan karang (bullseye) dan diketahui sebagai kawasan laut terkaya dengan keanekaragaman hayati tertinggi di dunia.",Named Four Kings after a legend of a woman who found seven eggs.,Disebut Empat Raja dari legenda seorang wanita yang menemukan tujuh telur.,Home to Papuan communities preserving ancestral marine conservation tradition.,Rumah bagi komunitas Papua yang menjaga tradisi konservasi bahari leluhur.,Diving Misool & Wayag;Karst viewpoints;Snorkel with mantas,Menyelam di Misool & Wayag;Pemandangan pulau karst;Snorkeling pari manta,Papeda with yellow fish soup;Grilled reef fish,Papeda dengan ikan kuning;Ikan karang bakar,Bring reef-safe sunscreen.,Bawa tabir surya ramah karang.,October – April,Oktober – April
